time steps [s],RMS level,dBSPL level,dBA level
0.0,6.453994865296409e-05,54.77965545654297,47.30372619628906
0.025000259878952675,0.010965101420879364,54.77965545654297,47.30372619628906
0.05000051975790535,0.01673728972673416,58.453102111816406,51.11753463745117
0.07500077963685803,0.020333480089902878,60.14363098144531,52.72653579711914
0.1000010395158107,0.0222439207136631,60.92362976074219,53.77828598022461
0.12500129939476337,0.02249717526137829,61.0219612121582,54.532630920410156
0.15000155927371606,0.02437371201813221,61.71783447265625,55.99205780029297
0.17500181915266871,0.025419384241104126,62.08270263671875,56.525577545166016
0.2000020790316214,0.027344726026058197,62.71686935424805,56.442352294921875
0.22500233891057408,0.028161602094769478,62.9725456237793,56.66580581665039
0.25000259878952674,0.029133811593055725,63.2673454284668,57.476287841796875
0.2750028586684794,0.03496798500418663,64.85281372070312,58.38562774658203
0.3000031185474321,0.034637998789548874,64.77045440673828,58.375999450683594
0.32500337842638477,0.034188222140073776,64.65692901611328,57.86622619628906
0.35000363830533743,0.03477123752236366,64.80380249023438,57.691688537597656
0.37500389818429014,0.0359019860625267,65.08177185058594,58.83554458618164
0.4000041580632428,0.035685304552316666,65.02919006347656,59.62513732910156
0.42500441794219546,0.0375807099044323,65.47869873046875,60.32379913330078
0.45000467782114817,0.037587445229291916,65.48025512695312,61.16283416748047
0.4750049377001008,0.040768813341856,66.18595886230469,62.09177017211914
0.5000051975790535,0.04207104817032814,66.45906829833984,62.54135513305664
0.5250054574580062,0.04081205651164055,66.1951675415039,62.22731018066406
0.5500057173369588,0.041383422911167145,66.31592559814453,62.15566635131836
0.5750059772159115,0.04310796782374382,66.67054748535156,62.295833587646484
0.6000062370948642,0.0443999320268631,66.92704772949219,62.52799987792969
0.6250064969738168,0.04552026093006134,67.14349365234375,62.397979736328125
0.6500067568527695,0.04416815564036369,66.88158416748047,61.87690353393555
0.6750070167317223,0.04354647547006607,66.75846099853516,61.49618148803711
0.7000072766106749,0.04339073225855827,66.72734069824219,61.47712326049805
0.7250075364896276,0.04515288025140762,67.07311248779297,61.80049514770508
0.7500077963685803,0.04836824908852577,67.67060852050781,62.19335174560547
0.7750080562475329,0.04583948478102684,67.20419311523438,62.02263259887695
0.8000083161264856,0.046758148819208145,67.37654876708984,62.48652648925781
0.8250085760054383,0.046058427542448044,67.2455825805664,62.56941223144531
0.8500088358843909,0.04366785287857056,66.78263854980469,62.24916458129883
0.8750090957633436,0.042243700474500656,66.49464416503906,61.789737701416016
0.9000093556422963,0.04182727634906769,66.4085922241211,61.79505157470703
0.9250096155212489,0.041644662618637085,66.37059020996094,61.74808883666992
0.9500098754002017,0.040578555315732956,66.14533233642578,61.53581237792969
0.9750101352791544,0.03949086740612984,65.90933227539062,61.249755859375
1.000010395158107,0.04139707610011101,66.31879425048828,61.28307342529297
1.0250106550370597,0.0410415455698967,66.2438735961914,61.378997802734375
1.0500109149160124,0.04310838133096695,66.6706314086914,60.97068786621094
1.075011174794965,0.04245083034038544,66.53712463378906,60.4359245300293
1.1000114346739176,0.0423884354531765,66.52434539794922,60.3861083984375
1.1250116945528703,0.04073469713330269,66.1786880493164,60.48469543457031
1.150011954431823,0.042341552674770355,66.51473236083984,60.265140533447266
1.1750122143107757,0.04194837436079979,66.43370056152344,60.26765823364258
1.2000124741897285,0.043427884578704834,66.73477172851562,60.81480026245117
1.2250127340686812,0.045126382261514664,67.06800842285156,61.72359848022461
1.2500129939476337,0.04566926136612892,67.171875,62.60179138183594
1.2750132538265864,0.04516872018575668,67.07615661621094,62.760093688964844
1.300013513705539,0.0483102984726429,67.66019439697266,62.702110290527344
1.3250137735844918,0.0501033253967762,67.97673034667969,63.543548583984375
1.3500140334634445,0.0528024286031723,68.43247985839844,64.89472198486328
1.3750142933423972,0.05509820207953453,68.8021469116211,65.56938171386719
1.4000145532213497,0.06356394290924072,70.04361724853516,67.096435546875
1.4250148131003024,0.0706842690706253,70.96585845947266,68.45575714111328
1.4500150729792551,0.07978609204292297,72.0179443359375,69.5172119140625
1.4750153328582079,0.08205282688140869,72.26126861572266,69.96395874023438
1.5000155927371606,0.07939088344573975,71.97480773925781,69.60527038574219
1.5250158526161133,0.07688120752573013,71.69580078125,69.41846466064453
1.5500161124950658,0.07849862426519394,71.87664031982422,69.62637329101562
1.5750163723740185,0.08020918816328049,72.06388854980469,70.01492309570312
1.6000166322529712,0.0810045599937439,72.14958953857422,70.0805892944336
1.625016892131924,0.08182276785373688,72.23688507080078,70.19348907470703
1.6500171520108766,0.08402855694293976,72.46794128417969,70.451171875
1.675017411889829,0.0814676359295845,72.19910430908203,70.21796417236328
1.7000176717687818,0.07647183537483215,71.64942932128906,69.66521453857422
1.7250179316477345,0.07404771447181702,71.36963653564453,69.16972351074219
1.7500181915266873,0.07945365458726883,71.98167419433594,69.51579284667969
1.77501845140564,0.08613593131303787,72.68309020996094,70.41788482666016
1.8000187112845927,0.0939154252409935,73.43413543701172,71.13816833496094
1.8250189711635452,0.09375472366809845,73.41926574707031,71.05599975585938
1.8500192310424979,0.09238120168447495,73.29107666015625,70.96240997314453
1.8750194909214506,0.09205957502126694,73.26078033447266,71.11642456054688
1.9000197508004033,0.09098215401172638,73.15852355957031,70.85834503173828
1.925020010679356,0.08629053086042404,72.69866180419922,70.17369079589844
1.9500202705583087,0.08451695740222931,72.51828002929688,69.99949645996094
1.9750205304372612,0.09008398652076721,73.07234954833984,70.58432006835938
2.000020790316214,0.09296958893537521,73.34622192382812,71.12679290771484
2.025021050195167,0.097151979804039,73.72843170166016,71.53752899169922
2.0500213100741194,0.10028281807899475,74.0039291381836,71.95074462890625
2.075021569953072,0.10085343569517136,74.05321502685547,72.11495971679688
2.100021829832025,0.10204336792230606,74.15509796142578,72.32132720947266
2.1250220897109773,0.1027691587805748,74.21665954589844,72.37889099121094
2.15002234958993,0.09714732319116592,73.72801971435547,71.86109924316406
2.1750226094688827,0.09005506336688995,73.06956481933594,71.119140625
2.200022869347835,0.0863342359662056,72.70306396484375,70.67707061767578
2.225023129226788,0.08438880741596222,72.50509643554688,70.42904663085938
2.2500233891057406,0.08241057395935059,72.29905700683594,70.17758178710938
2.2750236489846936,0.07897351682186127,71.92903137207031,69.72313690185547
2.300023908863646,0.07537824660539627,71.52432250976562,69.19365692138672
2.325024168742599,0.07319081574678421,71.2685317993164,68.75428009033203
2.3500244286215515,0.07177827507257462,71.09925842285156,68.57096099853516
2.375024688500504,0.0729692131280899,71.24219512939453,68.81492614746094
2.400024948379457,0.0732162818312645,71.27155303955078,69.0597152709961
2.4250252082584094,0.0731218084692955,71.26033782958984,69.10665130615234
2.4500254681373623,0.07196696102619171,71.12206268310547,68.99284362792969
2.475025728016315,0.07069458067417145,70.96711730957031,68.8160400390625
2.5000259878952673,0.07128730416297913,71.03964233398438,68.51190185546875
2.5250262477742202,0.06967975944280624,70.8415298461914,68.25904083251953
2.5500265076531727,0.06883657723665237,70.73578643798828,67.9466323852539
2.5750267675321257,0.06802200525999069,70.63239288330078,67.59123229980469
2.600027027411078,0.06681458652019501,70.4768295288086,67.41431427001953
2.6250272872900307,0.06769407540559769,70.59041595458984,67.48561096191406
2.6500275471689836,0.06770157814025879,70.59137725830078,67.44747924804688
2.675027807047936,0.06789124757051468,70.61567687988281,67.48358154296875
2.700028066926889,0.06615982204675674,70.39128875732422,67.3727035522461
2.7250283268058415,0.0645158514380455,70.1727294921875,67.02440643310547
2.7500285866847944,0.06298273056745529,69.96382904052734,66.3839111328125
2.775028846563747,0.06045283377170563,69.60773468017578,65.82335662841797
2.8000291064426994,0.05982746183872223,69.51741027832031,65.71726989746094
2.8250293663216524,0.06202264875173569,69.83040618896484,66.1808853149414
2.850029626200605,0.06286311894655228,69.94731903076172,66.60209655761719
2.875029886079558,0.06339995563030243,70.02117919921875,66.89688873291016
2.9000301459585103,0.06785745918750763,70.6113510131836,67.7845687866211
2.9250304058374628,0.06989622861146927,70.86846923828125,68.19647216796875
2.9500306657164157,0.06989460438489914,70.86827087402344,67.95639038085938
2.975030925595368,0.06704314798116684,70.50648498535156,67.42153930664062
3.000031185474321,0.0643514022231102,70.15055847167969,67.15031433105469
3.0250314453532736,0.06548593193292618,70.30236053466797,67.22209167480469
3.0500317052322266,0.06503577530384064,70.24244689941406,67.30538940429688
3.075031965111179,0.06725380569696426,70.53373718261719,67.4571304321289
3.1000322249901315,0.07116959989070892,71.0252914428711,67.87142944335938
3.1250324848690845,0.07412922382354736,71.37918853759766,68.59120178222656
3.150032744748037,0.07918983697891235,71.95278930664062,69.4730224609375
3.17503300462699,0.08069067448377609,72.1158676147461,69.78401947021484
3.2000332645059424,0.0811387300491333,72.1639633178711,69.99295806884766
3.225033524384895,0.0829920619726181,72.3601303100586,70.23397064208984
3.250033784263848,0.08587177097797394,72.65641021728516,70.48985290527344
3.2750340441428003,0.08740456402301788,72.8100814819336,70.38699340820312
3.3000343040217532,0.08412063121795654,72.47744750976562,69.9272689819336
3.3250345639007057,0.08034375309944153,72.07844543457031,69.44619750976562
3.350034823779658,0.08018983155488968,72.06178283691406,69.19308471679688
3.375035083658611,0.07880924642086029,71.91094207763672,69.03447723388672
3.4000353435375636,0.0750703290104866,71.48876953125,68.60296630859375
3.4250356034165166,0.07654023915529251,71.65719604492188,68.6390609741211
3.450035863295469,0.08002840727567673,72.04428100585938,69.17329406738281
3.475036123174422,0.08282757550477982,72.34290313720703,69.70460510253906
3.5000363830533745,0.08587724715471268,72.6569595336914,70.1229019165039
3.525036642932327,0.08690392225980759,72.76018524169922,70.39934539794922
3.55003690281128,0.08747289329767227,72.81686401367188,70.46151733398438
3.5750371626902324,0.08685394376516342,72.75518798828125,70.40253448486328
3.6000374225691854,0.08235138654708862,72.29281616210938,69.97468566894531
3.625037682448138,0.07909160852432251,71.94200897216797,69.32660675048828
3.6500379423270903,0.07380327582359314,71.34091186523438,68.57574462890625
3.6750382022060433,0.0709342360496521,70.99652099609375,67.92827606201172
3.7000384620849958,0.06798677146434784,70.62789154052734,67.48612976074219
3.7250387219639487,0.06644535809755325,70.4286880493164,67.14574432373047
3.750038981842901,0.06462442129850388,70.18733215332031,66.84930419921875
3.775039241721854,0.0645417869091034,70.17622375488281,66.86812591552734
3.8000395016008066,0.06546620279550552,70.29974365234375,67.28189086914062
3.825039761479759,0.06805833429098129,70.63702392578125,67.64608001708984
3.850040021358712,0.06858274340629578,70.70369720458984,67.76380157470703
3.8750402812376645,0.0701456293463707,70.8994140625,68.10318756103516
3.9000405411166175,0.07009121775627136,70.89266967773438,68.23342895507812
3.92504080099557,0.06723237782716751,70.53096771240234,67.88375091552734
3.9500410608745224,0.06573913991451263,70.33587646484375,67.26875305175781
3.9750413207534754,0.06338348984718323,70.0189208984375,66.68701934814453
4.000041580632428,0.06254974007606506,69.90391540527344,66.26605224609375
4.02504184051138,0.060611411929130554,69.6304931640625,65.86785888671875
4.050042100390334,0.060180384665727615,69.56849670410156,65.65532684326172
4.075042360269286,0.05958180129528046,69.48167419433594,65.3620834350586
4.100042620148239,0.05904055014252663,69.40240478515625,65.53652954101562
4.125042880027191,0.060246650129556656,69.57805633544922,66.13702392578125
4.150043139906144,0.06133192777633667,69.7331314086914,66.67696380615234
4.175043399785097,0.06170152872800827,69.78531646728516,66.94715881347656
4.20004365966405,0.06308254599571228,69.97758483886719,67.25615692138672
4.225043919543002,0.06585007905960083,70.35052490234375,67.63050079345703
4.250044179421955,0.06767883896827698,70.58846282958984,67.93343353271484
4.275044439300907,0.06990448385477066,70.8695068359375,68.44854736328125
4.30004469917986,0.07268191874027252,71.20793151855469,68.88131713867188
4.325044959058813,0.07455455511808395,71.42888641357422,69.00387573242188
4.350045218937765,0.07492128759622574,71.47150421142578,69.11363220214844
4.375045478816718,0.07494072616100311,71.47376251220703,69.03471374511719
4.40004573869567,0.07246176153421402,71.18157958984375,68.57904052734375
4.425045998574624,0.06888708472251892,70.74215698242188,68.01457977294922
4.450046258453576,0.06626387685537338,70.40493774414062,67.38626098632812
4.475046518332529,0.0655083879828453,70.30533599853516,66.939697265625
4.500046778211481,0.06348543614149094,70.03288269042969,66.50765991210938
4.525047038090434,0.06175952032208443,69.7934799194336,66.02118682861328
4.550047297969387,0.060035984963178635,69.54763793945312,65.63475799560547
4.57504755784834,0.063642218708992,70.05430603027344,65.71385192871094
4.600047817727292,0.06726997345685959,70.53582763671875,66.22105407714844
4.625048077606245,0.06642311066389084,70.42578125,66.46394348144531
4.650048337485198,0.06732451170682907,70.54286193847656,66.65868377685547
4.6750485973641505,0.06802757829427719,70.63310241699219,66.96987915039062
4.700048857243103,0.0699036493897438,70.86940002441406,67.44439697265625
4.725049117122055,0.07148216664791107,71.0633544921875,67.96829986572266
4.750049377001008,0.07641188055276871,71.64261627197266,68.75601196289062
4.775049636879961,0.07997333258390427,72.03829956054688,69.36858367919922
4.800049896758914,0.08565428853034973,72.63438415527344,70.13236236572266
4.825050156637866,0.08936629444360733,73.00287628173828,70.74528503417969
4.850050416516819,0.08957255631685257,73.02290344238281,70.92249298095703
4.875050676395771,0.0904528796672821,73.10784912109375,70.9229507446289
4.900050936274725,0.08948270231485367,73.0141830444336,70.7435531616211
4.925051196153677,0.08765555918216705,72.83499145507812,70.42337799072266
4.95005145603263,0.08439496159553528,72.50572967529297,70.09860229492188
4.975051715911582,0.0826292335987091,72.32207489013672,69.72257995605469
5.000051975790535,0.08126549422740936,72.17752075195312,69.17281341552734
5.025052235669488,0.07985488325357437,72.02542877197266,68.64783477783203
5.0500524955484405,0.07819470763206482,71.84294891357422,68.34542846679688
5.075052755427393,0.0761592835187912,71.61385345458984,68.36804962158203
5.1000530153063455,0.07575689256191254,71.5678482055664,68.4123306274414
5.125053275185298,0.0741758719086647,71.38465118408203,68.31698608398438
5.150053535064251,0.07375636696815491,71.33538818359375,68.4227066040039
5.175053794943204,0.07870364934206009,71.89929962158203,69.19059753417969
5.200054054822156,0.08020052313804626,72.06294250488281,69.23652648925781
5.225054314701109,0.07957148551940918,71.99454498291016,69.03954315185547
5.250054574580061,0.07913283258676529,71.946533203125,68.68201446533203
5.275054834459015,0.07784224301576614,71.8037109375,68.32425689697266
5.300055094337967,0.07734794914722443,71.74837493896484,68.09223175048828
5.32505535421692,0.07395154237747192,71.35834503173828,67.70352172851562
5.350055614095872,0.0711841732263565,71.02706909179688,67.10993194580078
5.3750558739748255,0.06948170810937881,70.81681060791016,66.57902526855469
5.400056133853778,0.0673171877861023,70.54192352294922,66.27214813232422
5.4250563937327305,0.06649944186210632,70.43576049804688,66.42628479003906
5.450056653611683,0.06818632781505585,70.65335083007812,66.74212646484375
5.4750569134906355,0.06985829025506973,70.86375427246094,66.79911041259766
5.500057173369589,0.0692206472158432,70.78411865234375,67.03618621826172
5.525057433248541,0.07046569138765335,70.93895721435547,67.55150604248047
5.550057693127494,0.0705772414803505,70.95269012451172,67.48673248291016
5.575057953006446,0.07201933860778809,71.12837982177734,66.97955322265625
5.600058212885399,0.07156205922365189,71.07305908203125,66.77594757080078
5.625058472764352,0.07223708182573318,71.15460205078125,67.29552459716797
5.650058732643305,0.07437806576490402,71.40829467773438,67.74347686767578
5.675058992522257,0.0728287324309349,71.22545623779297,67.61885070800781
5.70005925240121,0.0693526417016983,70.8006591796875,67.11534118652344
5.725059512280162,0.07181436568498611,71.10362243652344,67.3377685546875
5.750059772159116,0.07602719217538834,71.5987777709961,68.36555480957031
5.775060032038068,0.07995251566171646,72.03604125976562,68.84832000732422
5.8000602919170205,0.08013122528791428,72.05543518066406,68.64990234375
5.825060551795973,0.08176218718290329,72.2304458618164,68.46780395507812
5.8500608116749255,0.08158768713474274,72.21189880371094,68.64692687988281
5.875061071553879,0.08310161530971527,72.37158966064453,69.20590209960938
5.900061331432831,0.08597046881914139,72.66638946533203,69.58222961425781
5.925061591311784,0.0845373272895813,72.52037048339844,69.43896484375
5.950061851190736,0.0818672776222229,72.24160766601562,69.22784423828125
5.975062111069689,0.08348642289638519,72.4117202758789,69.62409210205078
6.000062370948642,0.08823736757040024,72.89244842529297,70.15263366699219
6.025062630827595,0.0881725549697876,72.88607025146484,70.29476928710938
6.050062890706547,0.08591319620609283,72.66059875488281,69.94580078125
6.0750631505855,0.0831502228975296,72.37667083740234,69.55399322509766
6.100063410464453,0.08181728422641754,72.23629760742188,69.53085327148438
6.125063670343406,0.08409681916236877,72.47499084472656,69.80289459228516
6.150063930222358,0.08505640923976898,72.57353973388672,69.69276428222656
6.175064190101311,0.08366622030735016,72.43040466308594,69.15604400634766
6.200064449980263,0.08092676848173141,72.14124298095703,68.78751373291016
6.2250647098592164,0.08340935409069061,72.40369415283203,69.00984191894531
6.250064969738169,0.08576274663209915,72.64537048339844,69.3006362915039
6.275065229617121,0.08740199357271194,72.80982208251953,69.12220764160156
6.300065489496074,0.08443515002727509,72.5098648071289,68.77168273925781
6.325065749375026,0.08523869514465332,72.59213256835938,69.14045715332031
6.35006600925398,0.08898844569921494,72.96607208251953,69.6456298828125
6.375066269132932,0.08858024328947067,72.92613983154297,69.65369415283203
6.400066529011885,0.0899675190448761,73.06111145019531,69.70610809326172
6.425066788890837,0.09817370027303696,73.81930541992188,70.30989074707031
6.45006704876979,0.10198137164115906,74.14981842041016,70.8304443359375
6.475067308648743,0.10184075683355331,74.13783264160156,70.78711700439453
6.500067568527696,0.10025563091039658,74.00157165527344,70.59661102294922
6.525067828406648,0.10044194757938385,74.0177001953125,70.73004913330078
6.550068088285601,0.10300052165985107,74.23619079589844,71.36329650878906
6.575068348164553,0.10315389186143875,74.24911499023438,71.5433349609375
6.6000686080435065,0.10261137783527374,74.20330810546875,71.57721710205078
6.625068867922459,0.11253861337900162,75.00543212890625,72.55323028564453
6.6500691278014115,0.1275266855955124,76.09142303466797,73.84821319580078
6.675069387680364,0.13503362238407135,76.58824157714844,74.59520721435547
6.700069647559316,0.138089120388031,76.7825927734375,74.88450622558594
6.72506990743827,0.1322586089372635,76.40788269042969,74.44086456298828
6.750070167317222,0.12779811024665833,76.10989379882812,74.04357147216797
6.775070427196175,0.12771567702293396,76.10428619384766,74.0514144897461
6.800070687075127,0.12917445600032806,76.20293426513672,74.25316619873047
6.825070946954081,0.12765368819236755,76.10006713867188,74.17491912841797
6.850071206833033,0.1281454712152481,76.13346862792969,73.9377670288086
6.875071466711986,0.1317073553800583,76.3716049194336,74.19194793701172
6.900071726590938,0.14505864679813385,77.21027374267578,75.18229675292969
6.925071986469891,0.1510782092809677,77.56343841552734,75.68954467773438
6.950072246348844,0.15627513825893402,77.8572006225586,76.03693389892578
6.9750725062277965,0.15784402191638947,77.94396209716797,76.04864501953125
7.000072766106749,0.15357646346092224,77.70589447021484,75.84441375732422
7.0250730259857015,0.14884053170681,77.43382263183594,75.6156997680664
7.050073285864654,0.14689314365386963,77.31942749023438,75.3658447265625
7.075073545743607,0.1385694444179535,76.81275177001953,74.82874298095703
7.10007380562256,0.13159577548503876,76.36424255371094,74.23065948486328
7.125074065501512,0.12668871879577637,76.0341567993164,73.8393325805664
7.150074325380465,0.13205739855766296,76.3946533203125,73.90829467773438
7.175074585259417,0.1369551569223404,76.71096801757812,74.20930480957031
7.200074845138371,0.13571996986865997,76.63227844238281,74.0312728881836
7.225075105017323,0.13852213323116302,76.80978393554688,74.06068420410156
7.250075364896276,0.14342369139194489,77.11181640625,74.58474731445312
7.275075624775228,0.151101753115654,77.56478881835938,75.30992126464844
7.300075884654181,0.15815232694149017,77.96090698242188,75.73868560791016
7.325076144533134,0.16420084238052368,78.28691101074219,76.07343292236328
7.3500764044120865,0.1710221767425537,78.64044952392578,76.52588653564453
7.375076664291039,0.17872637510299683,79.02317810058594,77.03905487060547
7.4000769241699915,0.1858198195695877,79.36123657226562,77.39393615722656
7.425077184048944,0.18486618995666504,79.3165512084961,77.351806640625
7.450077443927897,0.18753084540367126,79.44085693359375,77.45433807373047
7.47507770380685,0.18744778633117676,79.43701171875,77.4764175415039
7.500077963685802,0.18687236309051514,79.4103012084961,77.43683624267578
7.525078223564755,0.18356050550937653,79.2549819946289,77.2726821899414
7.550078483443708,0.17853890359401703,79.0140609741211,77.00814056396484
7.575078743322661,0.1731722205877304,78.74896240234375,76.72248840332031
7.600079003201613,0.1660366803407669,78.38347625732422,76.35895538330078
7.625079263080566,0.1607416570186615,78.10196685791016,75.99794006347656
7.650079522959518,0.15193885564804077,77.61277770996094,75.5171127319336
7.675079782838472,0.14359188079833984,77.12199401855469,74.918701171875
7.700080042717424,0.1341099888086319,76.52861785888672,74.29106140136719
7.725080302596377,0.12486611306667328,75.90829467773438,73.52407836914062
7.750080562475329,0.11777842789888382,75.40071105957031,72.81928253173828
7.7750808223542816,0.11345292627811432,75.07571411132812,72.3634262084961
7.800081082233235,0.11325739324092865,75.06072998046875,72.33692932128906
7.825081342112187,0.12142408639192581,75.66549682617188,72.7821273803711
7.85008160199114,0.12839862704277039,76.15060424804688,73.5384292602539
7.875081861870092,0.14618729054927826,77.27759552001953,74.95055389404297
7.900082121749045,0.1614501178264618,78.14016723632812,75.98973083496094
7.925082381627998,0.16480028629302979,78.31855773925781,76.21399688720703
7.950082641506951,0.15914218127727509,78.01510620117188,75.86409759521484
7.975082901385903,0.1487175077199936,77.42664337158203,75.22392272949219
8.000083161264856,0.14545521140098572,77.2339859008789,74.81602478027344
8.025083421143808,0.15049807727336884,77.53002166748047,75.04131317138672
8.05008368102276,0.15828078985214233,77.96796417236328,75.5714340209961
8.075083940901713,0.16298922896385193,78.22257995605469,75.92021179199219
8.100084200780667,0.15928274393081665,78.02277374267578,75.72457122802734
8.12508446065962,0.15284155309200287,77.66423034667969,75.24846649169922
8.150084720538572,0.1423061639070511,77.04387664794922,74.48907470703125
8.175084980417525,0.13513697683811188,76.59487915039062,73.97164154052734
8.200085240296477,0.13397562503814697,76.5199203491211,73.8978500366211
8.22508550017543,0.13496223092079163,76.5836410522461,73.9820556640625
8.250085760054382,0.13574589788913727,76.6339340209961,73.97065734863281
8.275086019933335,0.12763138115406036,76.09854888916016,73.35628509521484
8.300086279812287,0.12052077054977417,75.60063934326172,72.78836059570312
8.32508653969124,0.11666246503591537,75.31802368164062,72.45507049560547
8.350086799570194,0.11906300485134125,75.49493408203125,72.82246398925781
8.375087059449147,0.12520302832126617,75.93169403076172,73.36447143554688
8.4000873193281,0.129550039768219,76.2281494140625,73.76116943359375
8.425087579207052,0.1256619691848755,75.9634780883789,73.39022827148438
8.450087839086004,0.12013190984725952,75.57257080078125,72.877197265625
8.475088098964957,0.12746861577033997,76.08746337890625,73.2914047241211
8.50008835884391,0.1378203183412552,76.76566314697266,74.2430419921875
8.525088618722862,0.1449691206216812,77.20491027832031,74.85760498046875
8.550088878601814,0.14622600376605988,77.27989196777344,74.96868896484375
8.575089138480768,0.1437518298625946,77.13166809082031,74.55287170410156
8.60008939835972,0.13507650792598724,76.59099578857422,73.93321228027344
8.625089658238673,0.13039307296276093,76.28449249267578,73.51338195800781
8.650089918117626,0.13435305655002594,76.54434967041016,73.85952758789062
8.675090177996578,0.14450125396251678,77.17683410644531,74.78630065917969
8.70009043787553,0.1592927873134613,78.02332305908203,75.71240234375
8.725090697754483,0.16412901878356934,78.28311157226562,75.97738647460938
8.750090957633436,0.16559433937072754,78.36030578613281,76.08403015136719
8.775091217512388,0.15615278482437134,77.85039520263672,75.58975982666016
8.80009147739134,0.14843209087848663,77.40995788574219,74.94880676269531
8.825091737270295,0.1474435031414032,77.35191345214844,74.81975555419922
8.850091997149248,0.15468184649944305,77.7681884765625,75.39417266845703
8.8750922570282,0.16957828402519226,78.56680297851562,76.38976287841797
8.900092516907153,0.175857812166214,78.88262939453125,76.8594741821289
8.925092776786105,0.1811957210302353,79.14236450195312,77.18514251708984
8.950093036665058,0.18311825394630432,79.2340316772461,77.25416564941406
8.97509329654401,0.17862072587013245,79.01803588867188,76.91712951660156
9.000093556422962,0.17307676374912262,78.74417877197266,76.44959259033203
9.025093816301915,0.16339701414108276,78.24427795410156,75.93282318115234
9.050094076180867,0.15861256420612335,77.98615264892578,75.52611541748047
9.075094336059822,0.15517744421958923,77.79597473144531,75.29496002197266
9.100094595938774,0.15429431200027466,77.74639892578125,75.24263000488281
9.125094855817727,0.16031789779663086,78.07904052734375,75.58642578125
9.15009511569668,0.16406728327274323,78.27983856201172,75.98675537109375
9.175095375575632,0.1718570590019226,78.68274688720703,76.33642578125
9.200095635454584,0.178634375333786,79.0186996459961,76.7853012084961
9.225095895333537,0.1864713728427887,79.39163970947266,77.1657485961914
9.25009615521249,0.1945522427558899,79.76012420654297,77.55720520019531
9.275096415091442,0.19947387278079987,79.97711944580078,77.82260131835938
9.300096674970396,0.19779932498931885,79.90390014648438,77.8013687133789
9.325096934849348,0.19391977787017822,79.73184204101562,77.5880355834961
9.350097194728301,0.19123463332653046,79.61073303222656,77.2956771850586
9.375097454607253,0.18362316489219666,79.25794982910156,76.91020202636719
9.400097714486206,0.17979878187179565,79.07513427734375,76.59164428710938
9.425097974365158,0.17385327816009521,78.7830581665039,76.22406005859375
9.45009823424411,0.16254842281341553,78.19905853271484,75.52935028076172
9.475098494123063,0.1594921499490738,78.03418731689453,75.28764343261719
9.500098754002016,0.16742005944252014,78.45555114746094,75.75924682617188
9.525099013880968,0.1721399873495102,78.69703674316406,76.24720764160156
9.550099273759923,0.17605102062225342,78.89217376708984,76.4488296508789
9.575099533638875,0.17482104897499084,78.8312759399414,76.35845947265625
9.600099793517828,0.18169061839580536,79.16604614257812,76.65696716308594
9.62510005339678,0.19405663013458252,79.73796844482422,77.41128540039062
9.650100313275733,0.19177857041358948,79.6353988647461,77.37174987792969
9.675100573154685,0.18317046761512756,79.23651123046875,76.86809539794922
9.700100833033638,0.17463816702365875,78.82218170166016,76.43400573730469
9.72510109291259,0.16985735297203064,78.58108520507812,76.23946380615234
9.750101352791543,0.17039477825164795,78.60852813720703,76.27883911132812
9.775101612670495,0.17132587730884552,78.6558609008789,76.24713134765625
9.80010187254945,0.1685209423303604,78.51248168945312,75.93802642822266
9.825102132428402,0.16606350243091583,78.3848876953125,75.62881469726562
9.850102392307354,0.164278045296669,78.2909927368164,75.49270629882812
9.875102652186307,0.1708398461341858,78.63117980957031,75.78242492675781
9.90010291206526,0.17434144020080566,78.80741119384766,75.93438720703125
9.925103171944212,0.1666833609342575,78.41724395751953,75.4869384765625
9.950103431823164,0.15763986110687256,77.93272399902344,74.88694763183594
9.975103691702117,0.15012238919734955,77.50830841064453,74.38465118408203
10.00010395158107,0.15413260459899902,77.73728942871094,74.65408325195312
10.025104211460024,0.16132119297981262,78.13323211669922,75.13299560546875
10.050104471338976,0.15706495940685272,77.90098571777344,75.05657958984375
10.075104731217928,0.1498478204011917,77.4924087524414,74.5771484375
10.100104991096881,0.14255332946777344,77.05895233154297,74.01033782958984
10.125105250975833,0.1428700089454651,77.0782241821289,74.122802734375
10.150105510854786,0.15113221108913422,77.56654357910156,74.92545318603516
10.175105770733738,0.1525031179189682,77.64497375488281,74.96330261230469
10.200106030612691,0.14911477267742157,77.44981384277344,74.70072937011719
10.225106290491643,0.1418985277414322,77.01895904541016,74.2658462524414
10.250106550370596,0.1380181908607483,76.77812194824219,73.96029663085938
10.27510681024955,0.14155994355678558,76.99820709228516,74.20286560058594
10.300107070128503,0.1447349339723587,77.19086456298828,74.60725402832031
10.325107330007455,0.15584306418895721,77.8331527709961,75.30681610107422
10.350107589886408,0.15706872940063477,77.90119934082031,75.47024536132812
10.37510784976536,0.1556679904460907,77.8233871459961,75.364013671875
10.400108109644313,0.1548204869031906,77.77597045898438,75.33084869384766
10.425108369523265,0.16389374434947968,78.2706527709961,75.91500854492188
10.450108629402218,0.1701647788286209,78.59679412841797,76.23475646972656
10.47510888928117,0.16234643757343292,78.1882553100586,75.8153076171875
10.500109149160123,0.15939350426197052,78.02880859375,75.39740753173828
10.525109409039077,0.16185486316680908,78.16191864013672,75.57637023925781
10.55010966891803,0.1668957620859146,78.42830657958984,76.10078430175781
10.575109928796982,0.16092224419116974,78.1117172241211,75.78131103515625
10.600110188675934,0.1579897701740265,77.95198059082031,75.19852447509766
10.625110448554887,0.1594342291355133,78.0310287475586,75.21830749511719
10.65011070843384,0.16710101068019867,78.43898010253906,75.77749633789062
10.675110968312792,0.1727409064769745,78.72730255126953,76.06571960449219
10.700111228191744,0.17581526935100555,78.88053131103516,76.27579498291016
10.725111488070697,0.1792498230934143,79.04857635498047,76.2448959350586
10.750111747949651,0.18470150232315063,79.30880737304688,76.46951293945312
10.775112007828604,0.19485719501972198,79.77372741699219,77.0287094116211
10.800112267707556,0.20506635308265686,80.21728515625,77.51756286621094
10.825112527586509,0.2061440646648407,80.2628173828125,77.50245666503906
10.850112787465461,0.2023216038942337,80.1002426147461,77.28208923339844
10.875113047344414,0.19722691178321838,79.87872314453125,76.9600830078125
10.900113307223366,0.19979487359523773,79.9910888671875,77.16189575195312
10.925113567102319,0.205484077334404,80.23497009277344,77.47579193115234
10.950113826981271,0.20791836082935333,80.3372573852539,77.43872833251953
10.975114086860223,0.19847993552684784,79.93373107910156,76.98616790771484
11.000114346739178,0.19371290504932404,79.72257232666016,76.51097869873047
11.02511460661813,0.1895800232887268,79.53524780273438,76.20689392089844
11.050114866497083,0.19312793016433716,79.69630432128906,76.48786926269531
11.075115126376035,0.2033722847700119,80.14523315429688,77.20545959472656
11.100115386254988,0.21224211156368256,80.51603698730469,77.65188598632812
11.12511564613394,0.21322976052761078,80.55635070800781,77.71295928955078
11.150115906012893,0.20355230569839478,80.15292358398438,77.30613708496094
11.175116165891845,0.19988994300365448,79.9952163696289,76.98064422607422
11.200116425770798,0.19655188918113708,79.84894561767578,76.84535217285156
11.22511668564975,0.19602715969085693,79.82572937011719,76.84068298339844
11.250116945528704,0.19310982525348663,79.69548797607422,76.7990951538086
11.275117205407657,0.1940757781267166,79.73883056640625,76.88967895507812
11.30011746528661,0.19128140807151794,79.61285400390625,76.6972427368164
11.325117725165562,0.18071651458740234,79.11935424804688,76.20248413085938
11.350117985044514,0.17785227298736572,78.9805908203125,76.08582305908203
11.375118244923467,0.18113403022289276,79.13939666748047,76.31485748291016
11.40011850480242,0.18244989216327667,79.20227813720703,76.56642150878906
11.425118764681372,0.19075731933116913,79.58901977539062,77.00084686279297
11.450119024560324,0.19427789747714996,79.74786376953125,77.22441101074219
11.475119284439279,0.20521065592765808,80.22339630126953,77.73274230957031
11.500119544318231,0.22195348143577576,80.90463256835938,78.29336547851562
11.525119804197184,0.23211097717285156,81.29331970214844,78.71336364746094
11.550120064076136,0.2399139106273651,81.58050537109375,79.07697296142578
11.575120323955089,0.24513772130012512,81.76760864257812,79.23381042480469
11.600120583834041,0.24499045312404633,81.76238250732422,79.26181030273438
11.625120843712994,0.23991920053958893,81.58069610595703,79.09053802490234
11.650121103591946,0.23972761631011963,81.57376098632812,79.07926177978516
11.675121363470899,0.2433501034975052,81.70403289794922,79.3031005859375
11.700121623349851,0.24305064976215363,81.6933364868164,79.21358489990234
11.725121883228805,0.23459134995937347,81.3856430053711,78.79141235351562
11.750122143107758,0.21663208305835724,80.69385528564453,78.07401275634766
11.77512240298671,0.20855775475502014,80.36392974853516,77.71109771728516
11.800122662865663,0.21185912191867828,80.5003433227539,77.7950439453125
11.825122922744615,0.2148815244436264,80.62338256835938,77.91069793701172
11.850123182623568,0.2047709971666336,80.20477294921875,77.4439468383789
11.87512344250252,0.20203670859336853,80.08800506591797,77.2217788696289
11.900123702381473,0.20440012216567993,80.18902587890625,77.3744125366211
11.925123962260425,0.22647325694561005,81.07974243164062,78.33369445800781
11.950124222139378,0.24471381306648254,81.7525634765625,79.13229370117188
11.975124482018332,0.26341211795806885,82.39212036132812,79.66883850097656
12.000124741897285,0.27537864446640015,82.77800750732422,79.93406677246094
12.025125001776237,0.2807076573371887,82.94448852539062,80.02830505371094
12.05012526165519,0.28116247057914734,82.95854187011719,80.11328125
12.075125521534142,0.2817251980304718,82.97591400146484,80.18596649169922
12.100125781413094,0.2808377742767334,82.94851684570312,80.20575714111328
12.125126041292047,0.28272032737731934,83.00654602050781,80.20382690429688
12.150126301171,0.27832159399986267,82.8703384399414,80.06863403320312
12.175126561049952,0.27695393562316895,82.82754516601562,79.80907440185547
12.200126820928906,0.2735547423362732,82.72029113769531,79.6872787475586
12.225127080807859,0.2615537643432617,82.33061981201172,79.3479232788086
12.250127340686811,0.24946214258670807,81.91948699951172,78.93177795410156
12.275127600565764,0.24149028956890106,81.63739013671875,78.5126953125
12.300127860444716,0.22657857835292816,81.08377075195312,77.91104125976562
12.325128120323669,0.221880704164505,80.90179443359375,77.41654205322266
12.350128380202621,0.21188031136989594,80.50121307373047,77.03237915039062
12.375128640081574,0.21478833258152008,80.61961364746094,77.20269775390625
12.400128899960526,0.22310827672481537,80.94971466064453,77.61395263671875
12.425129159839479,0.2285633385181427,81.15953063964844,77.93143463134766
12.450129419718433,0.22411154210567474,80.98868560791016,77.77256774902344
12.475129679597385,0.22459381818771362,81.00735473632812,77.89572143554688
12.500129939476338,0.2275703102350235,81.12171173095703,78.05770111083984
12.52513019935529,0.2352696806192398,81.41072082519531,78.38623809814453
12.550130459234243,0.24621739983558655,81.80577087402344,78.83003997802734
12.575130719113195,0.2560174763202667,82.14479064941406,79.2789535522461
12.600130978992148,0.2669370770454407,82.50758361816406,79.61665344238281
12.6251312388711,0.27099600434303284,82.63865661621094,79.78833770751953
12.650131498750053,0.2765341103076935,82.81437683105469,79.9613265991211
12.675131758629005,0.28250953555107117,83.00006103515625,80.16279602050781
12.70013201850796,0.28864145278930664,83.18657684326172,80.38540649414062
12.725132278386912,0.293650358915329,83.33601379394531,80.5061264038086
12.750132538265865,0.28959712386131287,83.21528625488281,80.385009765625
12.775132798144817,0.28786700963974,83.16323852539062,80.21472930908203
12.80013305802377,0.27405375242233276,82.73611450195312,79.7642593383789
12.825133317902722,0.2699359655380249,82.6046142578125,79.45964050292969
12.850133577781675,0.2603720724582672,82.29129028320312,79.17757415771484
12.875133837660627,0.2537858188152313,82.0687484741211,78.82666015625
12.90013409753958,0.24323870241641998,81.70005798339844,78.41238403320312
12.925134357418534,0.23282963037490845,81.32015991210938,78.00533294677734
12.950134617297486,0.2192603349685669,80.79859924316406,77.3780517578125
12.975134877176439,0.20991414785385132,80.42023468017578,76.9627914428711
13.000135137055391,0.2102668136358261,80.434814453125,76.94218444824219
13.025135396934344,0.21663786470890045,80.69408416748047,77.24232482910156
13.050135656813296,0.21930989623069763,80.8005599975586,77.40113830566406
13.075135916692249,0.22564536333084106,81.04792785644531,77.69229125976562
13.100136176571201,0.22626961767673492,81.0719223022461,77.74972534179688
13.125136436450154,0.23467621207237244,81.38877868652344,78.05307006835938
13.150136696329106,0.24026300013065338,81.5931396484375,78.37289428710938
13.17513695620806,0.24527278542518616,81.77238464355469,78.57562255859375
13.200137216087013,0.2504703104496002,81.95452880859375,78.8807373046875
13.225137475965965,0.24675481021404266,81.82471466064453,78.7640151977539
13.250137735844918,0.23926585912704468,81.55701446533203,78.3648681640625
13.27513799572387,0.22945274412631989,81.19326782226562,77.94992065429688
13.300138255602823,0.22064976394176483,80.85346984863281,77.566162109375
13.325138515481775,0.21924614906311035,80.79804229736328,77.36421203613281
13.350138775360728,0.22280029952526093,80.9377212524414,77.34452819824219
13.37513903523968,0.22340458631515503,80.96124267578125,77.5532455444336
13.400139295118633,0.21411724388599396,80.5924301147461,77.14498901367188
13.425139554997587,0.20884278416633606,80.37578582763672,76.79363250732422
13.45013981487654,0.2068832665681839,80.29389953613281,76.78262329101562
13.475140074755492,0.22120401263237,80.87525939941406,77.58778381347656
13.500140334634445,0.23364794254302979,81.35063934326172,78.19879913330078
13.525140594513397,0.2560279965400696,82.14514923095703,78.94781494140625
13.55014085439235,0.25345852971076965,82.05754089355469,78.8365478515625
13.575141114271302,0.24905280768871307,81.90522766113281,78.61681365966797
13.600141374150255,0.24793806672096252,81.86626434326172,78.60977935791016
13.625141634029207,0.25752896070480347,82.1959228515625,79.01681518554688
13.650141893908161,0.26765692234039307,82.53096771240234,79.53297424316406
13.675142153787114,0.2721112370491028,82.67433166503906,79.75938415527344
13.700142413666066,0.26580870151519775,82.47078704833984,79.62391662597656
13.725142673545019,0.25527819991111755,82.11967468261719,79.17439270019531
13.750142933423971,0.24594543874263763,81.79618072509766,78.78990936279297
13.775143193302924,0.24255652725696564,81.6756591796875,78.70977020263672
13.800143453181876,0.2616696357727051,82.33447265625,79.4386215209961
13.825143713060829,0.28476330637931824,83.06907653808594,80.13337707519531
13.850143972939781,0.27821677923202515,82.8670654296875,79.98445129394531
13.875144232818734,0.268717497587204,82.56531524658203,79.60078430175781
13.900144492697688,0.2576577067375183,82.20025634765625,79.18765258789062
13.92514475257664,0.2580662965774536,82.21401977539062,79.08110809326172
13.950145012455593,0.26183226704597473,82.33985900878906,79.25133514404297
13.975145272334546,0.26615002751350403,82.48192596435547,79.40058898925781
14.000145532213498,0.2699749767780304,82.60586547851562,79.63198852539062
14.02514579209245,0.26721808314323425,82.51671600341797,79.46026611328125
14.050146051971403,0.26429587602615356,82.42120361328125,79.26705169677734
14.075146311850355,0.2593977749347687,82.25872802734375,78.94088745117188
14.100146571729308,0.25033384561538696,81.94978332519531,78.60848999023438
14.12514683160826,0.25093716382980347,81.970703125,78.41839599609375
14.150147091487215,0.25240078568458557,82.0212173461914,78.385498046875
14.175147351366167,0.26693016290664673,82.50735473632812,79.17750549316406
14.20014761124512,0.26473718881607056,82.43569946289062,79.21556854248047
14.225147871124072,0.2543679177761078,82.08865356445312,78.87520599365234
14.250148131003025,0.24185454845428467,81.65048217773438,78.38511657714844
14.275148390881977,0.23810014128684998,81.51459503173828,78.1041259765625
14.30014865076093,0.23057176172733307,81.23551940917969,77.95045471191406
14.325148910639882,0.22870592772960663,81.16494750976562,77.88624572753906
14.350149170518835,0.24049733579158783,81.60160827636719,78.38729095458984
14.375149430397789,0.2332231104373932,81.33483123779297,78.16201782226562
14.400149690276741,0.2242479920387268,80.99396514892578,77.77471923828125
14.425149950155694,0.22024618089199066,80.83756256103516,77.34716033935547
14.450150210034646,0.21718432009220123,80.71597290039062,77.21134948730469
14.475150469913599,0.21801729500293732,80.74921417236328,77.14305114746094
14.500150729792551,0.22628936171531677,81.07268524169922,77.02783966064453
14.525150989671504,0.21997474133968353,80.82685852050781,76.6445083618164
14.550151249550456,0.21393221616744995,80.58493041992188,76.18601989746094
14.575151509429409,0.21708154678344727,80.71186065673828,75.81019592285156
14.600151769308361,0.21253198385238647,80.52788543701172,75.52141571044922
14.625152029187316,0.21094976365566254,80.46298217773438,75.28042602539062
14.650152289066268,0.2131243348121643,80.55206298828125,75.2527847290039
14.67515254894522,0.20878656208515167,80.37345123291016,75.26806640625
14.700152808824173,0.20565354824066162,80.24212646484375,75.32311248779297
14.725153068703126,0.2019844949245453,80.08576202392578,74.86978912353516
14.750153328582078,0.197161003947258,79.87582397460938,74.78408813476562
14.77515358846103,0.19990545511245728,79.99589538574219,74.81527709960938
14.800153848339983,0.19687306880950928,79.86312103271484,74.69084930419922
14.825154108218936,0.20144295692443848,80.06243896484375,74.76416778564453
14.850154368097888,0.2152838408946991,80.63963317871094,75.3685073852539
14.875154627976842,0.21224965155124664,80.51634216308594,75.01689147949219
14.900154887855795,0.20613591372966766,80.26246643066406,74.77854919433594
14.925155147734747,0.2084299921989441,80.35859680175781,74.71266174316406
14.9501554076137,0.2046409547328949,80.19924926757812,74.85729217529297
14.975155667492652,0.20532114803791046,80.22807312011719,75.00568389892578
15.000155927371605,0.2065986692905426,80.28195190429688,75.2538070678711
15.025156187250557,0.20239779353141785,80.103515625,75.2174301147461
15.05015644712951,0.19685781002044678,79.8624496459961,75.07820129394531
15.075156707008462,0.18855150043964386,79.48799896240234,74.70162963867188
15.100156966887416,0.18702666461467743,79.41747283935547,74.458740234375
15.125157226766369,0.19442817568778992,79.75458526611328,74.39248657226562
15.150157486645321,0.1928466409444809,79.68363952636719,74.36930084228516
15.175157746524274,0.18730005621910095,79.43016052246094,74.43902587890625
15.200158006403226,0.1872626394033432,79.42842102050781,74.4416732788086
15.225158266282179,0.190149188041687,79.56129455566406,74.44686889648438
15.250158526161131,0.18949513137340546,79.53135681152344,74.4346694946289
15.275158786040084,0.19730237126350403,79.88204193115234,74.71319580078125
15.300159045919036,0.20267777144908905,80.11551666259766,74.99396514892578
15.325159305797989,0.20252250134944916,80.1088638305664,74.79573822021484
15.350159565676943,0.20494404435157776,80.21210479736328,74.99476623535156
15.375159825555896,0.1990405023097992,79.9582290649414,74.94529724121094
15.400160085434848,0.1904476135969162,79.57490539550781,74.66545104980469
15.4251603453138,0.18876023590564728,79.49761199951172,74.63301086425781
15.450160605192753,0.18623177707195282,79.38047790527344,74.62928009033203
15.475160865071706,0.1820632666349411,79.18384552001953,74.24797058105469
15.500161124950658,0.18736955523490906,79.43338012695312,74.93711853027344
15.52516138482961,0.18472273647785187,79.30980682373047,75.02833557128906
15.550161644708563,0.18313828110694885,79.2349853515625,74.85875701904297
15.575161904587516,0.1832488477230072,79.24022674560547,74.68577575683594
15.60016216446647,0.18138252198696136,79.15131378173828,74.3558349609375
15.625162424345422,0.1812906414270401,79.14691162109375,74.16230773925781
15.650162684224375,0.1770930290222168,78.94342803955078,73.99502563476562
15.675162944103327,0.1703963428735733,78.60860443115234,73.78021240234375
15.70016320398228,0.16782517731189728,78.47654724121094,73.94307708740234
15.725163463861232,0.1733929067850113,78.76002502441406,74.23236846923828
15.750163723740185,0.17131181061267853,78.6551513671875,74.21502685546875
15.775163983619137,0.16986721754074097,78.58158874511719,74.23673248291016
15.80016424349809,0.17222709953784943,78.70143127441406,74.39204406738281
15.825164503377044,0.17305418848991394,78.7430419921875,74.38478088378906
15.850164763255997,0.17179004848003387,78.67935943603516,74.27611541748047
15.875165023134949,0.17315168678760529,78.74793243408203,74.29714965820312
15.900165283013902,0.1716388463973999,78.67171478271484,74.24295806884766
15.925165542892854,0.17488956451416016,78.83467864990234,74.2008285522461
15.950165802771807,0.182242289185524,79.1923828125,74.15438842773438
15.975166062650759,0.17435647547245026,78.80815887451172,73.98631286621094
16.00016632252971,0.17993271350860596,79.08160400390625,74.11743927001953
16.025166582408666,0.1814526617527008,79.15467071533203,73.91806030273438
16.050166842287616,0.17716580629348755,78.9469985961914,73.72637939453125
16.07516710216657,0.17321038246154785,78.7508773803711,73.56459045410156
16.10016736204552,0.17089791595935822,78.6341323852539,73.53559875488281
16.125167621924476,0.1823102980852127,79.19562530517578,73.81163024902344
16.150167881803426,0.1877126395702362,79.44927215576172,73.95210266113281
16.17516814168238,0.1848473846912384,79.31566619873047,73.89388275146484
16.200168401561335,0.18495281040668488,79.32061767578125,73.94853210449219
16.225168661440286,0.19533737003803253,79.79510498046875,74.03964233398438
16.25016892131924,0.19604183733463287,79.82637023925781,74.03311920166016
16.27516918119819,0.18994492292404175,79.55195617675781,73.99604797363281
16.300169441077145,0.1884291172027588,79.48236083984375,73.8069076538086
16.325169700956096,0.18495774269104004,79.32084655761719,73.5947265625
16.35016996083505,0.1923810839653015,79.66264343261719,73.55040740966797
16.375170220714,0.18806804716587067,79.4656982421875,73.44155883789062
16.400170480592955,0.1849607676267624,79.32099151611328,73.54443359375
16.42517074047191,0.20438767969608307,80.18849182128906,74.38642883300781
16.45017100035086,0.20239168405532837,80.10325622558594,74.31634521484375
16.475171260229814,0.21100282669067383,80.46516418457031,74.99436950683594
16.500171520108765,0.21996955573558807,80.82665252685547,75.60116577148438
16.52517177998772,0.21875368058681488,80.77850341796875,75.6443862915039
16.55017203986667,0.22995387017726898,81.21221923828125,76.1544189453125
16.575172299745624,0.2329121232032776,81.3232421875,76.51063537597656
16.600172559624575,0.25034821033477783,81.9502944946289,77.38917541503906
16.62517281950353,0.2620338797569275,82.3465576171875,77.72007751464844
16.65017307938248,0.2680518627166748,82.54377746582031,77.70964813232422
16.675173339261434,0.2637752592563629,82.40408325195312,77.55718994140625
16.70017359914039,0.25625941157341003,82.15299987792969,77.41726684570312
16.72517385901934,0.24391816556453705,81.72428131103516,77.02079010009766
16.750174118898293,0.24086551368236542,81.61489868164062,76.71477508544922
16.775174378777244,0.23170611262321472,81.27815246582031,76.39985656738281
16.8001746386562,0.22764818370342255,81.12468719482422,76.37094116210938
16.82517489853515,0.22611510753631592,81.06598663330078,76.3075942993164
16.850175158414103,0.225203275680542,81.03089141845703,76.4605712890625
16.875175418293054,0.24255630373954773,81.67565155029297,77.21383666992188
16.90017567817201,0.24105003476142883,81.62154388427734,77.1751708984375
16.925175938050963,0.24408110976219177,81.7300796508789,77.33389282226562
16.950176197929913,0.23901934921741486,81.54806518554688,76.93941497802734
16.975176457808868,0.22555358707904816,81.04439544677734,76.45057678222656
17.00017671768782,0.21835464239120483,80.76264953613281,76.034423828125
17.025176977566773,0.21017418801784515,80.43098449707031,75.54736328125
17.050177237445723,0.1993759125471115,79.97285461425781,75.19277954101562
17.075177497324677,0.19130238890647888,79.61380767822266,74.90449523925781
17.100177757203628,0.18660612404346466,79.39791870117188,74.79071044921875
17.125178017082582,0.17924052476882935,79.04812622070312,74.42538452148438
17.150178276961537,0.17646533250808716,78.91259002685547,74.1900405883789
17.175178536840487,0.17985954880714417,79.07807159423828,74.3543472290039
17.20017879671944,0.19607055187225342,79.82764434814453,74.82158660888672
17.225179056598392,0.19620655477046967,79.83367156982422,74.85928344726562
17.250179316477347,0.20330221951007843,80.14224243164062,75.15667724609375
17.275179576356297,0.20341645181179047,80.14712524414062,75.19732666015625
17.30017983623525,0.2025134265422821,80.10848236083984,75.1822280883789
17.325180096114202,0.1991313397884369,79.96218872070312,75.14978790283203
17.350180355993157,0.19284845888614655,79.68372344970703,74.94575500488281
17.375180615872107,0.18634139001369476,79.38558959960938,74.54053497314453
17.40018087575106,0.18121112883090973,79.14309692382812,74.29959869384766
17.425181135630016,0.17555321753025055,78.8675765991211,73.91991424560547
17.450181395508967,0.16875624656677246,78.52459716796875,73.48516845703125
17.47518165538792,0.16382376849651337,78.26693725585938,73.03010559082031
17.50018191526687,0.15909099578857422,78.01231384277344,72.69198608398438
17.525182175145826,0.153157040476799,77.68213653564453,72.40570831298828
17.550182435024777,0.14826124906539917,77.39995574951172,72.12919616699219
17.57518269490373,0.14699597656726837,77.32550811767578,72.38799285888672
17.60018295478268,0.1529090404510498,77.66806030273438,72.67890930175781
17.625183214661636,0.15943695604801178,78.03118133544922,73.15556335449219
17.65018347454059,0.17090003192424774,78.63424682617188,74.03260803222656
17.67518373441954,0.17139221727848053,78.65921783447266,74.23292541503906
17.700183994298495,0.163637176156044,78.25704193115234,73.8533706665039
17.725184254177446,0.16247659921646118,78.19522094726562,73.81314086914062
17.7501845140564,0.16369880735874176,78.26031494140625,73.8051528930664
17.77518477393535,0.1724884957075119,78.71460723876953,74.05911254882812
17.800185033814305,0.17259861528873444,78.72014617919922,74.27092742919922
17.825185293693256,0.17411811649799347,78.79627990722656,74.48489379882812
17.85018555357221,0.16934683918952942,78.55493927001953,74.22293853759766
17.875185813451164,0.16019940376281738,78.07261657714844,73.74183654785156
17.900186073330115,0.1619989424943924,78.16963958740234,73.68537139892578
17.92518633320907,0.1550799161195755,77.79051208496094,73.287109375
17.95018659308802,0.15401729941368103,77.73078918457031,73.15856170654297
17.975186852966974,0.15722788870334625,77.90999603271484,73.34532165527344
18.000187112845925,0.15476903319358826,77.77307891845703,73.24524688720703
18.02518737272488,0.15127967298030853,77.57501220703125,72.99624633789062
18.05018763260383,0.15015612542629242,77.51026153564453,72.73186492919922
18.075187892482784,0.1528986692428589,77.66747283935547,72.58783721923828
18.100188152361735,0.1479463279247284,77.38148498535156,72.43634033203125
18.12518841224069,0.1463344246149063,77.28633117675781,72.46993255615234
18.150188672119643,0.14674410223960876,77.31061553955078,72.70323944091797
18.175188931998594,0.15101002156734467,77.55951690673828,73.14118957519531
18.20018919187755,0.1504763662815094,77.52877044677734,72.9917984008789
18.2251894517565,0.15304067730903625,77.675537109375,73.11747741699219
18.250189711635453,0.1507420539855957,77.5440902709961,73.06982421875
18.275189971514404,0.14657510817050934,77.30060577392578,72.70928192138672
18.30019023139336,0.14567749202251434,77.24724578857422,72.62360382080078
18.32519049127231,0.1469835340976715,77.32476806640625,72.5893783569336
18.350190751151263,0.14682166278362274,77.31520080566406,72.60792541503906
18.375191011030218,0.15517814457416534,77.79601287841797,72.77269744873047
18.40019127090917,0.15201807022094727,77.6173095703125,72.5115966796875
18.425191530788123,0.14977581799030304,77.48823547363281,72.44733428955078
18.450191790667073,0.14521411061286926,77.21957397460938,72.19389343261719
18.475192050546028,0.1395614594221115,76.87471008300781,71.8900146484375
18.50019231042498,0.14021480083465576,76.91527557373047,71.75212860107422
18.525192570303933,0.13706807792186737,76.71812438964844,71.74398803710938
18.550192830182883,0.13342711329460144,76.48428344726562,71.6100845336914
18.575193090061838,0.13340212404727936,76.48265075683594,71.83358764648438
18.600193349940792,0.13331027328968048,76.47667694091797,71.88423919677734
18.625193609819743,0.14306451380252838,77.09004211425781,72.40823364257812
18.650193869698697,0.1445193886756897,77.17791748046875,72.1733627319336
18.675194129577648,0.14348305761814117,77.11540985107422,72.20983123779297
18.700194389456602,0.14010155200958252,76.90825653076172,71.79229736328125
18.725194649335553,0.13692213594913483,76.70887756347656,71.34957885742188
18.750194909214507,0.13442200422286987,76.5488052368164,71.0118637084961
18.775195169093458,0.12911802530288696,76.19913482666016,70.590576171875
18.800195428972412,0.1257420778274536,75.9690170288086,70.47509002685547
18.825195688851363,0.12198608368635178,75.70560455322266,70.08683013916016
18.850195948730317,0.11846306920051575,75.45105743408203,70.0155029296875
18.87519620860927,0.11657838523387909,75.31175994873047,69.9124755859375
18.90019646848822,0.11690635234117508,75.3361587524414,69.75301361083984
18.925196728367176,0.11237636208534241,74.9928970336914,69.27713012695312
18.950196988246127,0.11188988387584686,74.95521545410156,68.9876708984375
18.97519724812508,0.10771172493696213,74.62466430664062,68.72686767578125
19.00019750800403,0.10695449262857437,74.5633773803711,68.55036926269531
19.025197767882986,0.10310184210538864,74.2447280883789,68.36837005615234
19.050198027761937,0.09976521134376526,73.958984375,68.27043151855469
19.07519828764089,0.09707632660865784,73.72166442871094,67.98344421386719
19.100198547519845,0.09952502697706223,73.93804931640625,68.18833923339844
19.125198807398796,0.09884500503540039,73.87849426269531,68.02472686767578
19.15019906727775,0.0955623909831047,73.58513641357422,67.62702941894531
19.1751993271567,0.09214972704648972,73.26927947998047,67.21714782714844
19.200199587035655,0.08886544406414032,72.95405578613281,66.97663879394531
19.225199846914606,0.08596670627593994,72.66600799560547,66.80072021484375
19.25020010679356,0.08765227347612381,72.83466339111328,66.85538482666016
19.27520036667251,0.08553023636341095,72.62179565429688,66.68017578125
19.300200626551465,0.08452168107032776,72.51876068115234,66.61387634277344
19.32520088643042,0.08656055480241776,72.72579956054688,66.32991027832031
19.35020114630937,0.08670933544635773,72.74071502685547,66.23746490478516
19.375201406188324,0.08416003733873367,72.48152160644531,66.0318603515625
19.400201666067275,0.08222097903490067,72.279052734375,65.87139892578125
19.42520192594623,0.08109302818775177,72.15907287597656,65.78707885742188
19.45020218582518,0.08050496131181717,72.09585571289062,65.63707733154297
19.475202445704134,0.08299408107995987,72.36034393310547,65.62049102783203
19.500202705583085,0.08234946429729462,72.29261779785156,65.55406951904297
19.52520296546204,0.08348092436790466,72.41114807128906,65.83744812011719
19.55020322534099,0.08988858759403229,73.05349731445312,66.40110778808594
19.575203485219944,0.09227418154478073,73.281005859375,67.04967498779297
19.6002037450989,0.0966634750366211,73.68464660644531,67.39266204833984
19.62520400497785,0.09734203666448593,73.74540710449219,67.76724243164062
19.650204264856804,0.09655017405748367,73.6744613647461,68.09416961669922
19.675204524735754,0.09281649440526962,73.33190155029297,67.95831298828125
19.70020478461471,0.09593440592288971,73.61888885498047,67.87967681884766
19.72520504449366,0.09445444494485855,73.48384857177734,67.68329620361328
19.750205304372614,0.094700388610363,73.50643920898438,67.54903411865234
19.775205564251564,0.09434714168310165,73.4739761352539,67.46842193603516
19.80020582413052,0.09684386104345322,73.70084381103516,68.02684020996094
19.825206084009473,0.09839560091495514,73.83891296386719,68.25702667236328
19.850206343888424,0.10739387571811676,74.59899139404297,68.91366577148438
19.875206603767378,0.10770711302757263,74.62428283691406,69.11494445800781
19.90020686364633,0.11069362610578537,74.86184692382812,69.48783874511719
19.925207123525283,0.11309432983398438,75.0482177734375,69.63417053222656
19.950207383404233,0.1098921149969101,74.7987289428711,69.43701171875
19.975207643283188,0.10772597789764404,74.62580871582031,69.34965515136719
20.00020790316214,0.101731076836586,74.12847900390625,68.93588256835938
20.025208163041093,0.09903431683778763,73.8951187133789,68.5086669921875
20.050208422920047,0.0953756719827652,73.56815338134766,67.98504638671875
20.075208682798998,0.09231105446815491,73.28446960449219,67.68236541748047
20.100208942677952,0.09091050922870636,73.15168762207031,67.47712707519531
20.125209202556903,0.09193242341279984,73.24877166748047,67.59366607666016
20.150209462435857,0.09794656187295914,73.79918670654297,67.98591613769531
20.175209722314808,0.10408149659633636,74.32687377929688,68.33013916015625
20.200209982193762,0.10199547559022903,74.15101623535156,68.3499984741211
20.225210242072713,0.10185956954956055,74.13943481445312,68.35165405273438
20.250210501951667,0.10126809775829315,74.08885192871094,67.95756530761719
20.275210761830618,0.09686820209026337,73.7030258178711,67.46956634521484
20.300211021709572,0.09156954288482666,73.21442413330078,66.86487579345703
20.325211281588526,0.09143394231796265,73.20155334472656,66.38851928710938
20.350211541467477,0.08983148634433746,73.0479736328125,66.3161849975586
20.37521180134643,0.09311409294605255,73.35971069335938,67.01050567626953
20.400212061225382,0.09791169315576553,73.79608917236328,67.86355590820312
20.425212321104336,0.10398013889789581,74.31840515136719,68.39714813232422
20.450212580983287,0.10510527342557907,74.4118881225586,68.69046020507812
20.47521284086224,0.1038404330611229,74.30673217773438,68.66741943359375
20.500213100741192,0.10132821649312973,74.09400939941406,68.34224700927734
20.525213360620146,0.09560943394899368,73.58941650390625,67.71320343017578
20.5502136204991,0.0886993557214737,72.93780517578125,66.9999008178711
20.57521388037805,0.08419188112020493,72.48480224609375,66.50086212158203
20.600214140257005,0.08378612995147705,72.44284057617188,66.46294403076172
20.625214400135956,0.08660005778074265,72.72976684570312,66.75858306884766
20.65021466001491,0.0908224955201149,73.14326477050781,67.04820251464844
20.67521491989386,0.09829267859458923,73.82981872558594,67.84620666503906
20.700215179772815,0.10240409523248672,74.18574523925781,68.49192810058594
20.725215439651766,0.11135561764240265,74.91364288330078,69.0946044921875
20.75021569953072,0.11546314507722855,75.22826385498047,69.78350067138672
20.775215959409675,0.11417829245328903,75.13107299804688,69.71660614013672
20.800216219288625,0.11461662501096725,75.16435241699219,69.79439544677734
20.82521647916758,0.10931801050901413,74.75323486328125,69.45867156982422
20.85021673904653,0.10497058928012848,74.4007568359375,68.8966064453125
20.875216998925485,0.09994063526391983,73.9742431640625,68.30470275878906
20.900217258804435,0.09632652252912521,73.6543197631836,67.5906753540039
20.92521751868339,0.08982404321432114,73.04724884033203,66.96600341796875
20.95021777856234,0.08550756424665451,72.61949157714844,66.46600341796875
20.975218038441295,0.08360312134027481,72.4238510131836,66.35501861572266
21.000218298320245,0.0830235704779625,72.3634262084961,66.55350494384766
21.0252185581992,0.0834171399474144,72.40451049804688,66.73921966552734
21.050218818078154,0.08728259056806564,72.7979507446289,67.21794128417969
21.075219077957104,0.09252472221851349,73.30455780029297,67.71436309814453
21.10021933783606,0.0982900932431221,73.82958984375,68.25299835205078
21.12521959771501,0.10204552859067917,74.15528106689453,68.63932037353516
21.150219857593964,0.10706083476543427,74.57201385498047,69.28424072265625
21.175220117472914,0.11350394785404205,75.07962036132812,70.03070831298828
21.20022037735187,0.11639255285263062,75.29790496826172,70.35853576660156
21.22522063723082,0.11684834957122803,75.33184814453125,70.40623474121094
21.250220897109774,0.1135401800274849,75.08238983154297,70.15617370605469
21.275221156988728,0.10995584726333618,74.80376434326172,69.83447265625
21.30022141686768,0.10811905562877655,74.6574478149414,69.65478515625
21.325221676746633,0.1035858690738678,74.28541564941406,69.24044036865234
21.350221936625584,0.10075057297945023,74.04434967041016,69.13288879394531
21.375222196504538,0.09862169623374939,73.85884857177734,69.03793334960938
21.40022245638349,0.0944097712635994,73.479736328125,68.70036315917969
21.425222716262443,0.0878610610961914,72.85533142089844,68.08454132080078
21.450222976141394,0.08289869129657745,72.35035705566406,67.42886352539062
21.475223236020348,0.08151954412460327,72.20463562011719,67.0112533569336
21.500223495899302,0.0848466232419014,72.55209350585938,66.82084655761719
21.525223755778253,0.08609769493341446,72.67922973632812,67.25472259521484
21.550224015657207,0.08924169093370438,72.99075317382812,67.85801696777344
21.575224275536158,0.09367251396179199,73.4116439819336,68.23423767089844
21.600224535415112,0.09721929579973221,73.73445129394531,68.46707916259766
21.625224795294063,0.0987931415438652,73.87393188476562,68.735107421875
21.650225055173017,0.09939489513635635,73.92668151855469,68.94386291503906
21.675225315051968,0.09965939819812775,73.94976806640625,69.03934478759766
21.700225574930922,0.09965834021568298,73.94967651367188,69.08768463134766
21.725225834809873,0.10397408902645111,74.31790161132812,69.47699737548828
21.750226094688827,0.10909701883792877,74.73565673828125,69.7707290649414
21.77522635456778,0.10661589354276657,74.53583526611328,69.47037506103516
21.800226614446732,0.10337239503860474,74.26749420166016,69.06317901611328
21.825226874325686,0.09781868010759354,73.78783416748047,68.57918548583984
21.850227134204637,0.10061722248792648,74.03284454345703,68.67178344726562
21.87522739408359,0.1007595956325531,74.04512786865234,68.91282653808594
21.900227653962542,0.09968538582324982,73.95203399658203,68.93083190917969
21.925227913841496,0.10008549690246582,73.98682403564453,68.82076263427734
21.950228173720447,0.09764391928911209,73.77230834960938,68.63987731933594
21.9752284335994,0.09718438982963562,73.73133087158203,68.34910583496094
22.000228693478356,0.09781552106142044,73.78755187988281,68.40360260009766
22.025228953357306,0.10072091221809387,74.04179382324219,68.79206085205078
22.05022921323626,0.10627151280641556,74.50773620605469,69.57725524902344
22.07522947311521,0.11019886285066605,74.82293701171875,69.85201263427734
22.100229732994165,0.11302544921636581,75.04292297363281,70.22579956054688
22.125229992873116,0.12001088261604309,75.56381225585938,70.80557250976562
22.15023025275207,0.11834652721881866,75.44251251220703,70.73755645751953
22.17523051263102,0.11620427668094635,75.28384399414062,70.5472412109375
22.200230772509975,0.11498945951461792,75.19255828857422,70.49287414550781
22.22523103238893,0.11432025581598282,75.14186096191406,70.43037414550781
22.25023129226788,0.11471462994813919,75.1717758178711,70.46641540527344
22.275231552146835,0.11257517337799072,75.00825500488281,70.35002899169922
22.300231812025785,0.11428862065076828,75.13945770263672,70.37403869628906
22.32523207190474,0.11692270636558533,75.3373794555664,70.61773681640625
22.35023233178369,0.1147073283791542,75.17121887207031,70.50405883789062
22.375232591662645,0.1107470765709877,74.86604309082031,70.19442749023438
22.400232851541595,0.10640048235654831,74.51827239990234,69.80656433105469
22.42523311142055,0.10174261778593063,74.12945556640625,69.1919174194336
22.4502333712995,0.09725137799978256,73.73731994628906,68.64254760742188
22.475233631178455,0.09289845079183578,73.33956909179688,68.09437561035156
22.50023389105741,0.08926773816347122,72.99329376220703,67.75468444824219
22.52523415093636,0.08626851439476013,72.69644927978516,67.47748565673828
22.550234410815314,0.08541100472211838,72.60968017578125,67.25739288330078
22.575234670694265,0.08290818333625793,72.35134887695312,67.0716552734375
22.60023493057322,0.08228395134210587,72.28570556640625,66.69844055175781
22.62523519045217,0.08000516146421432,72.04176330566406,66.1322021484375
22.650235450331124,0.07512190192937851,71.49473571777344,65.58982849121094
22.675235710210075,0.07125367969274521,71.0355453491211,65.0293960571289
22.70023597008903,0.07254665344953537,71.1917495727539,65.2562255859375
22.725236229967983,0.07620234787464142,71.61876678466797,66.00514221191406
22.750236489846934,0.07721444964408875,71.73336791992188,66.43685150146484
22.775236749725888,0.07870756834745407,71.89972686767578,66.84669494628906
22.80023700960484,0.07779617607593536,71.7985610961914,66.8936767578125
22.825237269483793,0.07764755189418793,71.78195190429688,66.70156860351562
22.850237529362744,0.07940465956926346,71.976318359375,66.66667175292969
22.875237789241698,0.08039460331201553,72.08393859863281,66.72212219238281
22.90023804912065,0.08579064905643463,72.64820098876953,67.42906188964844
22.925238308999603,0.09111558645963669,73.17124938964844,68.11383056640625
22.950238568878557,0.09036067873239517,73.09899139404297,68.09070587158203
22.975238828757508,0.08909815549850464,72.97677612304688,67.903076171875
23.000239088636462,0.08331181854009628,72.3935317993164,67.31492614746094
23.025239348515413,0.07904508709907532,71.93689727783203,66.70800018310547
23.050239608394367,0.07683909684419632,71.69104766845703,66.60838317871094
23.075239868273318,0.07523589581251144,71.50790405273438,66.52498626708984
23.100240128152272,0.07701393216848373,71.71078491210938,66.54998779296875
23.125240388031223,0.07514242082834244,71.49710083007812,66.3465576171875
23.150240647910177,0.07216521352529526,71.14595794677734,66.07302856445312
23.175240907789128,0.07112536579370499,71.01988983154297,65.60406494140625
23.200241167668082,0.07099710404872894,71.00421142578125,65.50293731689453
23.225241427547036,0.07254232466220856,71.19123077392578,65.88378143310547
23.250241687425987,0.07456187903881073,71.42974090576172,66.2223129272461
23.27524194730494,0.07857798039913177,71.88542175292969,66.55266571044922
23.300242207183892,0.0815504714846611,72.20793151855469,66.88599395751953
23.325242467062846,0.08212307840585709,72.26870727539062,66.83049774169922
23.350242726941797,0.08058223873376846,72.10418701171875,66.67652893066406
23.37524298682075,0.07805470377206802,71.82738494873047,66.41992950439453
23.400243246699702,0.07576099783182144,71.56831359863281,66.04176330566406
23.425243506578656,0.07382971793413162,71.34402465820312,65.91183471679688
23.45024376645761,0.07435853034257889,71.40601348876953,65.93655395507812
23.47524402633656,0.07172602415084839,71.09293365478516,65.77111053466797
23.500244286215516,0.07393346726894379,71.35621643066406,65.74281311035156
23.525244546094466,0.07314729690551758,71.26336669921875,65.68167114257812
23.55024480597342,0.07481850683689117,71.45957946777344,65.4881820678711
23.57524506585237,0.07156799733638763,71.07377624511719,65.00637817382812
23.600245325731326,0.06866281479597092,70.71383666992188,64.59408569335938
23.625245585610276,0.06607625633478165,70.38031005859375,64.43665313720703
23.65024584548923,0.06551726907491684,70.3065185546875,64.54842376708984
23.675246105368185,0.06733540445566177,70.54427337646484,65.00060272216797
23.700246365247136,0.06677466630935669,70.47163391113281,64.97651672363281
23.72524662512609,0.06618296355009079,70.39432525634766,64.74624633789062
23.75024688500504,0.062304023653268814,69.86972045898438,64.22135925292969
23.775247144883995,0.058116763830184937,69.26542663574219,63.52398681640625
23.800247404762946,0.056293830275535583,68.98861694335938,62.97583770751953
23.8252476646419,0.05397624522447586,68.62345123291016,62.679595947265625
23.85024792452085,0.05413515865802765,68.64898681640625,62.729549407958984
23.875248184399805,0.05397224798798561,68.62281036376953,62.91938400268555
23.900248444278755,0.05331280827522278,68.51602935791016,62.68403625488281
23.92524870415771,0.05328143388032913,68.51091766357422,62.258243560791016
23.950248964036664,0.05016331002116203,67.98712158203125,61.63101577758789
23.975249223915615,0.04888095706701279,67.76219177246094,61.324554443359375
24.00024948379457,0.05069912225008011,68.07940673828125,61.886878967285156
24.02524974367352,0.05628415569663048,68.98712158203125,62.56877899169922
24.050250003552474,0.05619202181696892,68.97289276123047,62.99861526489258
24.075250263431425,0.055361706763505936,68.84358978271484,63.04043197631836
24.10025052331038,0.053032658994197845,68.47026824951172,62.470821380615234
24.12525078318933,0.05104711651802063,68.13882446289062,61.827659606933594
24.150251043068284,0.049989838153123856,67.95703125,61.63631820678711
24.17525130294724,0.05195482447743416,68.29191589355469,61.99483871459961
24.20025156282619,0.05386015400290489,68.60475158691406,62.73381042480469
24.225251822705143,0.05429767072200775,68.67501831054688,63.0445442199707
24.250252082584094,0.05771864950656891,69.20571899414062,63.28126525878906
24.275252342463048,0.05671011656522751,69.0526123046875,63.30684280395508
24.300252602342,0.05575019493699074,68.90432739257812,62.810691833496094
24.325252862220953,0.05380842462182045,68.59640502929688,62.42843246459961
24.350253122099904,0.05337610840797424,68.52633666992188,62.30561828613281
24.375253381978858,0.05528097599744797,68.83091735839844,62.434326171875
24.400253641857812,0.0578148290514946,69.22018432617188,63.28794860839844
24.425253901736763,0.05855407193303108,69.3305435180664,63.75654220581055
24.450254161615717,0.0587235763669014,69.35565185546875,63.84782409667969
24.475254421494668,0.05702168494462967,69.1001968383789,63.55036163330078
24.500254681373622,0.05426091328263283,68.66914367675781,63.0500373840332
24.525254941252573,0.0539364330470562,68.6170425415039,62.484169006347656
24.550255201131527,0.05387970432639122,68.60790252685547,62.10775375366211
24.575255461010478,0.05388667434453964,68.60902404785156,62.3172607421875
24.600255720889432,0.05693415552377701,69.08685302734375,63.203514099121094
24.625255980768383,0.05833285674452782,69.29766845703125,63.461299896240234
24.650256240647337,0.06023554131388664,69.57646179199219,63.35040283203125
24.67525650052629,0.06072930619120598,69.6473617553711,63.03865051269531
24.700256760405242,0.05835258215665817,69.30060577392578,62.46582794189453
24.725257020284197,0.0543723925948143,68.68696594238281,61.85593032836914
24.750257280163147,0.05152251571416855,68.21934509277344,61.49599075317383
24.7752575400421,0.050275854766368866,68.006591796875,61.51260757446289
24.800257799921052,0.0515194870531559,68.21883392333984,61.93701934814453
24.825258059800007,0.05427075922489166,68.67071533203125,62.32919692993164
24.850258319678957,0.05961567908525467,69.48661041259766,62.4053955078125
24.87525857955791,0.057320818305015564,69.14564514160156,62.13934326171875
24.900258839436866,0.05376945063471794,68.5901107788086,61.60968780517578
24.925259099315817,0.05228801071643829,68.34744262695312,61.17372131347656
24.95025935919477,0.05432436615228653,68.67929077148438,61.091896057128906
24.97525961907372,0.057627759873867035,69.19203186035156,61.55625915527344
25.000259878952676,0.059029705822467804,69.40081024169922,61.96674728393555
25.025260138831626,0.05918137729167938,69.42310333251953,62.04096221923828
25.05026039871058,0.05891925469040871,69.3845443725586,62.226139068603516
25.07526065858953,0.05668432638049126,69.04866027832031,61.95882797241211
25.100260918468486,0.057920489460229874,69.23604583740234,61.41902160644531
25.12526117834744,0.05522678419947624,68.82239532470703,60.675907135009766
25.15026143822639,0.052857495844364166,68.44153594970703,60.21488952636719
25.175261698105345,0.0522865355014801,68.34719848632812,60.382041931152344
25.200261957984296,0.05245233699679375,68.37469482421875,60.99696731567383
25.22526221786325,0.0512002669274807,68.16484069824219,61.23787307739258
25.2502624777422,0.050822556018829346,68.10052490234375,60.899864196777344
25.275262737621155,0.04854784533381462,67.70279693603516,60.27067565917969
25.300262997500106,0.05196018144488335,68.29281616210938,59.7625732421875
25.32526325737906,0.055139556527137756,68.80866241455078,59.81034851074219
25.35026351725801,0.053078778088092804,68.47781372070312,59.757835388183594
25.375263777136965,0.051697079092264175,68.24871826171875,59.8661994934082
25.40026403701592,0.04940931499004364,67.85557556152344,59.85347366333008
25.42526429689487,0.048412665724754333,67.67858123779297,59.56916427612305
25.450264556773824,0.04955785721540451,67.88165283203125,59.03559875488281
25.475264816652775,0.0475706048309803,67.52617645263672,58.416351318359375
25.50026507653173,0.044041961431503296,66.85673522949219,57.774574279785156
25.52526533641068,0.041963737457990646,66.43688201904297,57.530982971191406
25.550265596289634,0.040627457201480865,66.15579223632812,57.50873947143555
25.575265856168585,0.039850540459156036,65.98808288574219,58.06478500366211
25.60026611604754,0.039989929646253586,66.01841735839844,58.314781188964844
25.625266375926493,0.04141010344028473,66.32152557373047,58.42491149902344
25.650266635805444,0.039842311292886734,65.98628997802734,58.172855377197266
25.6752668956844,0.04247674718499184,66.54242706298828,57.74581527709961
25.70026715556335,0.03999999165534973,66.02059936523438,57.11349868774414
25.725267415442303,0.040648240596055984,66.16023254394531,56.698753356933594
25.750267675321254,0.03898204490542412,65.79669189453125,56.50248718261719
25.77526793520021,0.040837544947862625,66.20059204101562,56.41910171508789
25.80026819507916,0.03951177000999451,65.91393280029297,56.72285461425781
25.825268454958113,0.03961671143770218,65.93697357177734,56.660247802734375
25.850268714837068,0.0383320190012455,65.650634765625,56.36284255981445
25.87526897471602,0.036487072706222534,65.22218322753906,55.980712890625
25.900269234594973,0.03754149004817009,65.46963500976562,55.44748306274414
25.925269494473923,0.04029703512787819,66.0848617553711,55.12070083618164
25.950269754352878,0.04069504514336586,66.17022705078125,55.063968658447266
25.97527001423183,0.041041299700737,66.24382019042969,55.400001525878906
26.000270274110783,0.039705827832221985,65.95648956298828,55.4945182800293
26.025270533989733,0.03770079463720322,65.50640869140625,55.306480407714844
26.050270793868687,0.038116347044706345,65.60162353515625,54.88223648071289
26.075271053747638,0.0373605340719223,65.42765808105469,54.34718704223633
